301L_1st_1,10.119.159.140
301L_1st_2,10.119.161.150
301L_1st_3,10.119.161.243
301L_1st_4,10.119.162.38
301L_2nd_5,10.119.162.47
301L_1st_6,10.119.162.138
301L_2nd_7,10.119.162.170
301L_2nd_8,10.119.159.229
301L_2nd_9,10.119.135.31
301L_2nd_10,10.119.161.121
301L_2nd_11,10.119.128.31
401L_1st_1,10.121.41.195
401L_1st_2,10.121.41.154
401L_1st_3,10.121.41.155
401L_1st_4,10.121.41.196
401L_1st_5,10.121.41.157
401L_1st_6,10.121.41.158
401L_1st_7,10.121.41.197
401L_1st_8,10.121.41.137
401L_1st_9,10.121.41.161
401L_1st_10,10.121.41.162
401L_1st_11,10.121.41.163
401L_1st_12,10.121.41.164
402L_1st_1,10.121.42.161
402L_1st_2,10.121.42.85
402L_1st_3,10.121.42.163
402L_1st_4,10.121.42.164
402L_1st_5,10.121.42.203
402L_1st_6,10.121.42.97
402L_1st_7,10.121.42.201
402L_1st_8,10.121.42.202
402L_1st_9,10.121.42.165
402L_1st_10,10.121.42.166
402L_1st_11,10.121.42.167
402L_1st_12,10.121.42.168
402L_2nd_1,10.121.41.139
402L_2nd_2,10.121.42.171
402L_2nd_3,10.121.42.175
402L_2nd_4,10.121.42.206
402L_2nd_5,10.121.42.207
402L_2nd_6,10.121.42.208
402L_2nd_7,10.121.43.51
402L_2nd_8,10.121.43.76
402L_2nd_9,10.121.43.97
402L_2nd_10,10.121.43.198
402L_2nd_11,10.121.44.229
402L_2nd_12,10.121.44.71
403L_1st_1,10.121.42.71
403L_1st_2,10.121.42.72
403L_1st_3,10.121.42.73
403L_1st_4,10.121.42.74
403L_1st_5,10.121.42.75
403L_1st_6,10.121.42.76
403L_1st_7,10.121.42.77
403L_1st_8,10.121.42.78
403L_1st_9,10.121.42.79
403L_1st_10,10.121.42.80
403L_1st_11,10.121.42.81
403L_1st_12,10.121.42.82
404L_1st_1,10.121.43.77
404L_1st_2,10.121.43.78
404L_1st_3,10.121.43.79
404L_1st_4,10.121.43.80
404L_1st_5,10.121.43.81
404L_1st_6,10.121.43.82
404L_2nd_7,10.121.43.83
404L_2nd_8,10.121.43.84
404L_2nd_9,10.121.43.85
404L_2nd_10,10.121.43.86
404L_2nd_11,10.121.43.87
404L_2nd_12,10.121.43.88
406L_1st_1,10.121.43.144
406L_1st_2,10.121.43.145
406L_1st_3,10.121.43.148
406L_1st_4,10.121.43.157
406L_1st_5,10.121.43.158
406L_1st_6,10.121.43.164
406L_1st_7,10.121.43.166
406L_1st_8,10.121.43.168
406L_1st_9,10.121.43.169
406L_1st_10,10.121.43.170
406L_1st_11,10.121.43.171
406L_1st_12,10.121.43.192
406L_2nd_1,10.121.41.39
406L_2nd_2,10.121.44.38
406L_2nd_3,10.121.44.39
406L_2nd_4,10.121.44.42
406L_2nd_5,10.121.44.44
406L_2nd_6,10.121.44.45
406L_2nd_7,10.121.44.51
406L_2nd_8,10.121.44.74
406L_2nd_9,10.121.44.75
406L_2nd_10,10.121.44.77
406L_2nd_11,10.121.44.82
406L_2nd_12,10.121.44.83
501L_1st_1,10.121.51.198
501L_1st_2,10.121.51.199
501L_1st_3,10.121.51.209
501L_1st_4,10.121.51.208
501L_1st_5,10.121.51.200
501L_1st_6,10.121.51.201
501L_1st_7,10.121.51.207
501L_1st_8,10.121.51.206
501L_1st_9,10.121.51.202
501L_1st_10,10.121.51.203
501L_1st_11,10.121.51.205
501L_1st_12,10.121.51.204
502L_1st_1,10.121.51.212
502L_1st_2,10.121.51.213
502L_1st_3,10.121.51.214
502L_1st_4,10.121.51.215
502L_1st_5,10.121.51.216
502L_1st_6,10.121.51.217
502L_1st_7,10.121.51.218
502L_1st_8,10.121.51.219
502L_1st_9,10.121.51.220
502L_1st_10,10.121.51.221
502L_1st_11,10.121.51.222
502L_1st_12,10.121.51.223
503L_1st_1,10.121.52.178
503L_1st_2,10.121.52.179
503L_1st_3,10.121.52.180
503L_1st_4,10.121.52.181
503L_1st_5,10.121.52.182
503L_1st_6,10.121.52.183
503L_1st_7,10.121.52.184
503L_1st_8,10.121.52.185
503L_1st_9,10.121.52.186
503L_1st_10,10.121.52.187
503L_1st_11,10.121.52.188
503L_1st_12,10.121.52.189
504L_1st_1,10.121.52.208
504L_1st_2,10.121.52.209
504L_1st_3,10.121.52.140
504L_1st_4,10.121.52.141
504L_1st_5,10.121.52.210
504L_1st_6,10.121.52.211
504L_1st_7,10.121.52.142
504L_1st_8,10.121.53.200
504L_1st_9,10.121.52.152
504L_1st_10,10.121.52.213
504L_1st_11,10.121.52.143
504L_1st_12,10.121.53.201
505L_1st_1,10.121.56.120
505L_1st_2,10.121.56.118
505L_1st_3,10.121.56.119
505L_1st_4,10.121.56.117
505L_1st_5,10.121.56.116
505L_1st_6,10.121.56.114
505L_1st_7,10.121.56.115
505L_1st_8,10.121.56.113
505L_1st_9,10.121.56.112
505L_1st_10,10.121.56.110
505L_1st_11,10.121.56.111
505L_1st_12,10.121.56.109
505L_2nd_1,10.121.56.125
505L_2nd_2,10.121.56.132
505L_2nd_3,10.121.56.131
505L_2nd_4,10.121.56.126
505L_2nd_5,10.121.55.211
505L_2nd_6,10.121.56.129
505L_2nd_7,10.121.56.124
505L_2nd_8,10.121.54.144
505L_2nd_9,10.121.56.128
505L_2nd_10,10.121.56.127
505L_2nd_11,10.121.56.122
505L_2nd_12,10.121.56.121
